-- MySQL Script generated by MySQL Workbench
-- Thu Oct 25 17:32:07 2018
-- Model: New Model    Version: 1.0
-- MySQL Workbench Forward Engineering

SET @OLD_UNIQUE_CHECKS=@@UNIQUE_CHECKS, UNIQUE_CHECKS=0;
SET @OLD_FOREIGN_KEY_CHECKS=@@FOREIGN_KEY_CHECKS, FOREIGN_KEY_CHECKS=0;
SET @OLD_SQL_MODE=@@SQL_MODE, SQL_MODE='TRADITIONAL,ALLOW_INVALID_DATES';

-- -----------------------------------------------------
-- Schema mydb
-- -----------------------------------------------------
-- -----------------------------------------------------
-- Schema Rea
-- -----------------------------------------------------

-- -----------------------------------------------------
-- Schema Rea
-- -----------------------------------------------------


-- -----------------------------------------------------
-- Table `usuario`
-- -----------------------------------------------------
CREATE TABLE IF NOT EXISTS `usuario` (
  `nombreUsuario` VARCHAR(30) NOT NULL,
  `clave` VARCHAR(70) NOT NULL,
  `dni` INT(10) NULL,
  `apellido` VARCHAR(30) NOT NULL,
  `nombre` VARCHAR(30) NOT NULL,
  `domicilio` VARCHAR(50) NULL DEFAULT NULL,
  `email` VARCHAR(50) NOT NULL,
  PRIMARY KEY (`nombreUsuario`))
ENGINE = InnoDB;


-- -----------------------------------------------------
-- Table `rol`
-- -----------------------------------------------------
CREATE TABLE IF NOT EXISTS `rol` (
  `nombre` VARCHAR(30) NOT NULL,
  `descripcion` VARCHAR(80) NULL DEFAULT NULL,
  `permisos` VARCHAR(45) NOT NULL,
  PRIMARY KEY (`nombre`))
ENGINE = InnoDB;


-- -----------------------------------------------------
-- Table `estadoRecurso`
-- -----------------------------------------------------
CREATE TABLE IF NOT EXISTS `estadoRecurso` (
  `nombre` VARCHAR(30) NOT NULL,
  `descripcion` VARCHAR(80) NULL DEFAULT NULL,
  PRIMARY KEY (`nombre`))
ENGINE = InnoDB;


-- -----------------------------------------------------
-- Table `recurso`
-- -----------------------------------------------------
CREATE TABLE IF NOT EXISTS `recurso` (
  `idRecurso` INT NOT NULL,
  `titulo` VARCHAR(30) NOT NULL,
  `descripcion` VARCHAR(80) NOT NULL,
  PRIMARY KEY (`idRecurso`))
ENGINE = InnoDB;


-- -----------------------------------------------------
-- Table `encontrarRecurso`
-- -----------------------------------------------------
CREATE TABLE IF NOT EXISTS `encontrarRecurso` (
  `fechaRecurso` DATE NOT NULL,
  `horaRecurso` TIME NOT NULL,
  `nombreEstadoRecurso` VARCHAR(30) NOT NULL,
  `idRecurso` INT NOT NULL,
  PRIMARY KEY (`fechaRecurso`, `horaRecurso`),
  INDEX `fk_encontrar_estadoRecurso1_idx` (`nombreEstadoRecurso` ASC),
  INDEX `fk_encontrar_recurso1_idx` (`idRecurso` ASC),
  CONSTRAINT `fk_encontrar_estadoRecurso1`
    FOREIGN KEY (`nombreEstadoRecurso`)
    REFERENCES `estadoRecurso` (`nombre`)
    ON DELETE NO ACTION
    ON UPDATE NO ACTION,
  CONSTRAINT `fk_encontrar_recurso1`
    FOREIGN KEY (`idRecurso`)
    REFERENCES `recurso` (`idRecurso`)
    ON DELETE NO ACTION
    ON UPDATE NO ACTION)
ENGINE = InnoDB;


-- -----------------------------------------------------
-- Table `nivel`
-- -----------------------------------------------------
CREATE TABLE IF NOT EXISTS `nivel` (
  `nombre` VARCHAR(30) NOT NULL,
  `descripcion` VARCHAR(80) NOT NULL,
  PRIMARY KEY (`nombre`))
ENGINE = InnoDB;


-- -----------------------------------------------------
-- Table `estadoUsuario`
-- -----------------------------------------------------
CREATE TABLE IF NOT EXISTS `estadoUsuario` (
  `nombre` VARCHAR(30) NOT NULL,
  `descripcion` VARCHAR(80) NULL DEFAULT NULL,
  PRIMARY KEY (`nombre`))
ENGINE = InnoDB;


-- -----------------------------------------------------
-- Table `tipoArchivo`
-- -----------------------------------------------------
CREATE TABLE IF NOT EXISTS `tipoArchivo` (
  `idTipo` INT NOT NULL,
  `extension` VARCHAR(45) NOT NULL,
  `descripcion` VARCHAR(45) NULL DEFAULT NULL,
  PRIMARY KEY (`idTipo`))
ENGINE = InnoDB;


-- -----------------------------------------------------
-- Table `archivo`
-- -----------------------------------------------------
CREATE TABLE IF NOT EXISTS `archivo` (
  `idArchivo` INT NOT NULL,
  `nombre` VARCHAR(30) NOT NULL,
  `descripcion` VARCHAR(80) NULL DEFAULT NULL,
  `idRecurso` INT NOT NULL,
  `idTipo` INT NOT NULL,
  PRIMARY KEY (`idArchivo`),
  INDEX `fk_archivo_recurso1_idx` (`idRecurso` ASC),
  INDEX `fk_archivo_tipoArchivo1_idx` (`idTipo` ASC),
  CONSTRAINT `fk_archivo_recurso1`
    FOREIGN KEY (`idRecurso`)
    REFERENCES `recurso` (`idRecurso`)
    ON DELETE NO ACTION
    ON UPDATE NO ACTION,
  CONSTRAINT `fk_archivo_tipoArchivo1`
    FOREIGN KEY (`idTipo`)
    REFERENCES `tipoArchivo` (`idTipo`)
    ON DELETE NO ACTION
    ON UPDATE NO ACTION)
ENGINE = InnoDB;


-- -----------------------------------------------------
-- Table `tenerUsuario`
-- -----------------------------------------------------
CREATE TABLE IF NOT EXISTS `tenerUsuario` (
  `hora` TIME NOT NULL,
  `fecha` DATE NOT NULL,
  `nombreUsuario` VARCHAR(30) NOT NULL,
  `nombreEstadoUsuario` VARCHAR(30) NOT NULL,
  `fechaFin` DATE NULL,
  PRIMARY KEY (`hora`, `fecha`),
  INDEX `fk_tenerUsuario_usuario1_idx` (`nombreUsuario` ASC),
  INDEX `fk_tenerUsuario_estadoUsuario1_idx` (`nombreEstadoUsuario` ASC),
  CONSTRAINT `fk_tenerUsuario_usuario1`
    FOREIGN KEY (`nombreUsuario`)
    REFERENCES `usuario` (`nombreUsuario`)
    ON DELETE NO ACTION
    ON UPDATE NO ACTION,
  CONSTRAINT `fk_tenerUsuario_estadoUsuario1`
    FOREIGN KEY (`nombreEstadoUsuario`)
    REFERENCES `estadoUsuario` (`nombre`)
    ON DELETE NO ACTION
    ON UPDATE NO ACTION)
ENGINE = InnoDB;


-- -----------------------------------------------------
-- Table `comentario`
-- -----------------------------------------------------
CREATE TABLE IF NOT EXISTS `comentario` (
  `idComentario` INT NOT NULL AUTO_INCREMENT,
  `idRecurso` INT NOT NULL,
  `nombreUsuario` VARCHAR(30) NOT NULL,
  `descripcion` VARCHAR(80) NOT NULL,
  PRIMARY KEY (`idComentario`),
  INDEX `fk_comentario_usuario1_idx` (`nombreUsuario` ASC),
  INDEX `fk_comentario_recurso1_idx` (`idRecurso` ASC),
  CONSTRAINT `fk_comentario_usuario1`
    FOREIGN KEY (`nombreUsuario`)
    REFERENCES `usuario` (`nombreUsuario`)
    ON DELETE NO ACTION
    ON UPDATE NO ACTION,
  CONSTRAINT `fk_comentario_recurso1`
    FOREIGN KEY (`idRecurso`)
    REFERENCES `recurso` (`idRecurso`)
    ON DELETE NO ACTION
    ON UPDATE NO ACTION)
ENGINE = InnoDB;


-- -----------------------------------------------------
-- Table `valoracion`
-- -----------------------------------------------------
CREATE TABLE IF NOT EXISTS `valoracion` (
  `idValoracion` INT NOT NULL AUTO_INCREMENT,
  `puntaje` INT NULL DEFAULT NULL,
  `nombreUsuario` VARCHAR(30) NOT NULL,
  `idRecurso` INT NOT NULL,
  PRIMARY KEY (`idValoracion`),
  INDEX `fk_valoracion_usuario1_idx` (`nombreUsuario` ASC),
  INDEX `fk_valoracion_recurso1_idx` (`idRecurso` ASC),
  CONSTRAINT `fk_valoracion_usuario1`
    FOREIGN KEY (`nombreUsuario`)
    REFERENCES `usuario` (`nombreUsuario`)
    ON DELETE NO ACTION
    ON UPDATE NO ACTION,
  CONSTRAINT `fk_valoracion_recurso1`
    FOREIGN KEY (`idRecurso`)
    REFERENCES `recurso` (`idRecurso`)
    ON DELETE NO ACTION
    ON UPDATE NO ACTION)
ENGINE = InnoDB;


-- -----------------------------------------------------
-- Table `categoria`
-- -----------------------------------------------------
CREATE TABLE IF NOT EXISTS `categoria` (
  `nombre` VARCHAR(30) NOT NULL,
  `descripcion` VARCHAR(80) NULL DEFAULT NULL,
  PRIMARY KEY (`nombre`))
ENGINE = InnoDB;


-- -----------------------------------------------------
-- Table `pertenecerCategoria`
-- -----------------------------------------------------
CREATE TABLE IF NOT EXISTS `pertenecerCategoria` (
  `idRecurso` INT NOT NULL,
  `nombreCategoria` VARCHAR(30) NOT NULL,
  PRIMARY KEY (`idRecurso`, `nombreCategoria`),
  INDEX `fk_recurso_has_categoria_categoria1_idx` (`nombreCategoria` ASC),
  INDEX `fk_recurso_has_categoria_recurso1_idx` (`idRecurso` ASC),
  CONSTRAINT `fk_recurso_has_categoria_recurso1`
    FOREIGN KEY (`idRecurso`)
    REFERENCES `recurso` (`idRecurso`)
    ON DELETE NO ACTION
    ON UPDATE NO ACTION,
  CONSTRAINT `fk_recurso_has_categoria_categoria1`
    FOREIGN KEY (`nombreCategoria`)
    REFERENCES `categoria` (`nombre`)
    ON DELETE NO ACTION
    ON UPDATE NO ACTION)
ENGINE = InnoDB;


-- -----------------------------------------------------
-- Table `poseeNivel`
-- -----------------------------------------------------
CREATE TABLE IF NOT EXISTS `poseeNivel` (
  `idRecurso` INT NOT NULL,
  `idNivel` VARCHAR(30) NOT NULL,
  PRIMARY KEY (`idRecurso`, `idNivel`),
  INDEX `fk_poseeNivel_nivel1_idx` (`idNivel` ASC),
  CONSTRAINT `fk_poseeNivel_recurso1`
    FOREIGN KEY (`idRecurso`)
    REFERENCES `recurso` (`idRecurso`)
    ON DELETE NO ACTION
    ON UPDATE NO ACTION,
  CONSTRAINT `fk_poseeNivel_nivel1`
    FOREIGN KEY (`idNivel`)
    REFERENCES `nivel` (`nombre`)
    ON DELETE NO ACTION
    ON UPDATE NO ACTION)
ENGINE = InnoDB;


-- -----------------------------------------------------
-- Table `Tema`
-- -----------------------------------------------------
CREATE TABLE IF NOT EXISTS `Tema` (
  `nombre` VARCHAR(50) NOT NULL,
  `descripcion` VARCHAR(100) NULL,
  `idRecurso` INT NOT NULL,
  PRIMARY KEY (`nombre`),
  INDEX `fk_Tema_recurso1_idx` (`idRecurso` ASC),
  CONSTRAINT `fk_Tema_recurso1`
    FOREIGN KEY (`idRecurso`)
    REFERENCES `recurso` (`idRecurso`)
    ON DELETE NO ACTION
    ON UPDATE NO ACTION)
ENGINE = InnoDB;


-- -----------------------------------------------------
-- Table `tieneRol`
-- -----------------------------------------------------
CREATE TABLE IF NOT EXISTS `tieneRol` (
  `fechaInicio` DATE NOT NULL,
  `fechaFin` DATE NOT NULL,
  `nombreUsuario` VARCHAR(30) NOT NULL,
  `nombreRol` VARCHAR(30) NOT NULL,
  PRIMARY KEY (`nombreUsuario`, `nombreRol`),
  INDEX `fk_tieneRol_usuario1_idx` (`nombreUsuario` ASC),
  INDEX `fk_tieneRol_rol1_idx` (`nombreRol` ASC),
  CONSTRAINT `fk_tieneRol_usuario1`
    FOREIGN KEY (`nombreUsuario`)
    REFERENCES `usuario` (`nombreUsuario`)
    ON DELETE NO ACTION
    ON UPDATE NO ACTION,
  CONSTRAINT `fk_tieneRol_rol1`
    FOREIGN KEY (`nombreRol`)
    REFERENCES `rol` (`nombre`)
    ON DELETE NO ACTION
    ON UPDATE NO ACTION)
ENGINE = InnoDB;





-- -----------------------------------------------------
-- Table `permiso`
-- -----------------------------------------------------
CREATE TABLE IF NOT EXISTS `permiso` (
  `alias` VARCHAR(5) NOT NULL,
  `descripcion` VARCHAR(45) NULL,
  PRIMARY KEY (`alias`))
ENGINE = InnoDB;


-- -----------------------------------------------------
-- Table `contienePermiso`
-- -----------------------------------------------------
CREATE TABLE IF NOT EXISTS `contienePermiso` (
  `nombreRol` VARCHAR(30) NOT NULL,
  `aliasPermiso` VARCHAR(5) NOT NULL,
  PRIMARY KEY (`nombreRol`, `aliasPermiso`),
  INDEX `fk_contienePermiso_rol1_idx` (`nombreRol` ASC),
  INDEX `fk_contienePermiso_permiso1_idx` (`aliasPermiso` ASC),
  CONSTRAINT `fk_contienePermiso_rol1`
    FOREIGN KEY (`nombreRol`)
    REFERENCES `rol` (`nombre`)
    ON DELETE NO ACTION
    ON UPDATE NO ACTION,
  CONSTRAINT `fk_contienePermiso_permiso1`
    FOREIGN KEY (`aliasPermiso`)
    REFERENCES `permiso` (`alias`)
    ON DELETE NO ACTION
    ON UPDATE NO ACTION)
ENGINE = InnoDB;


SET SQL_MODE=@OLD_SQL_MODE;
SET FOREIGN_KEY_CHECKS=@OLD_FOREIGN_KEY_CHECKS;
SET UNIQUE_CHECKS=@OLD_UNIQUE_CHECKS;
-- Inserci贸n en la tabla Rol-----------------------------------------------------------
INSERT INTO `rol`(nombre,descripcion) VALUES
('AdminUser','Administra a los usuarios'),
('AdminRecursos','Administra los recursos subidos'),
('Profesor','Rol de profesor nivel medio');
-- Inserci贸n en la tabla Permiso-----------------------------------------------------------
INSERT INTO `permiso`(alias,descripcion) VALUES
('eup','Edicion del perfil de usuario'),
('ar','Administrar recursos'),
('erp','Edicion de recursos propios'),
('au','Administrar usuario'),
('rc','Realizar comentario'),
('ac','Administrar comentarios'),
('rv','Realizar valorizacion');

-- Inserci贸n en la tabla estadoUsuario----------------------------------
INSERT INTO `estadoUsuario`(nombre,descripcion) VALUES
('alta','usuario dado de alta (en funcionamiento)'),
('baja','usuario que no cumplio las normas'),
('pendiente','usuario en espera de validacion');
-- Inserci贸n en la tabla contienePermiso-----------------------------------------------------------
INSERT INTO `contienePermiso`(nombreRol,aliasPermiso) VALUES
('AdminUser','eup'),
('AdminUser','au'),
('AdminRecursos','ar'),
('AdminRecursos','ac'),
('AdminRecursos','eup'),
('Profesor','erp'),
('Profesor','eup'),
('Profesor','rc'),
('Profesor','rv');



